paperID,source,genus,species,var,continent,deciduousness,distribution,Determinate_all_preformed,Intermediate_preformed_neogrown,Indeterminate_all_neogrown,sec_flush_y_no,multiple_flushes,remarks
borchert1975,https://doi.org/10.1111/j.1399-3054.1975.tb03885.x,Quercus,palustris,,north america,D,temperate,,x,,y,,
Hallé1978,DOl: 10.1007/978-3-642-81190-6,Hevea,brasiliensis,,south america,E,tropical,x,,,,,
Hallé1978,DOl: 10.1007/978-3-642-81190-6,Fraxinus,americana,,north america,D,temperate,x,,,,,
Hallé1978,DOl: 10.1007/978-3-642-81190-6,Populus,trichocarpa,,north america,D,temperate,,x,,y,,
Hallé1978,DOl: 10.1007/978-3-642-81190-6,Camellia,sinensis,,asia,E,tropical,,,,y,y,
Hallé1978,DOl: 10.1007/978-3-642-81190-6,Oreopanax,spp.,,south america,E,tropical,,x,,y,,
Hallé1978,DOl: 10.1007/978-3-642-81190-6,Rhizophora,mangle,,north america,E,tropical,,,x,,,
Hallé1978,DOl: 10.1007/978-3-642-81190-6,Acer,platanoides,,north america,D,temperate,x,,,,,
Hallé1978,DOl: 10.1007/978-3-642-81190-6,Acer,pensylvanicum,,north america,D,temperate,,x,,y,,
Hallé1978,DOl: 10.1007/978-3-642-81190-6,Acer,rubrum,,north america,D,temperate,,x,,y,,
Hallé1978,DOl: 10.1007/978-3-642-81190-6,Aesculus,spp.,,"north america, eurasia",D,temperate,x,,,,,
Hallé1978,DOl: 10.1007/978-3-642-81190-6,Carya,spp.,,"north america, eurasia",D,temperate,x,,,,,
Hallé1978,DOl: 10.1007/978-3-642-81190-6,Fagus,spp.,,"north america, eurasia",D,temperate,x,,,,,
Hallé1978,DOl: 10.1007/978-3-642-81190-6,Fraxinus,spp.,,"north america, eurasia",D,"temperate, subtropical",x,,,,,
Hallé1978,DOl: 10.1007/978-3-642-81190-6,Betula,spp.,,"north america, eurasia",D,"temperate, boreal",,x,,y,,
Hallé1978,DOl: 10.1007/978-3-642-81190-6,Castanea,spp.,,"north america, eurasia",D,temperate,,x,,y,,
Hallé1978,DOl: 10.1007/978-3-642-81190-6,Cercidiphyllum,spp.,,asia,D,temperate,,x,,y,,
Hallé1978,DOl: 10.1007/978-3-642-81190-6,Ginkgo,biloba,,"north america, eurasia",D,temperate,,x,,y,,
Hallé1978,DOl: 10.1007/978-3-642-81190-6,Ilex,spp.,,"america, eurasia, africa","D, E","temperate, subtropical, tropical",,x,,,,
Hallé1978,DOl: 10.1007/978-3-642-81190-6,Ligustrum,spp.,,"africa, eurasia, oceania","D, E",temperate/subtropical/tropical,,x,,,,
Hallé1978,DOl: 10.1007/978-3-642-81190-6,Liriodendron,spp.,,"north america, asia",D,temperate,,x,,,,
Hallé1978,DOl: 10.1007/978-3-642-81190-6,Morus,spp.,,"america, eurasia, africa",D,"temperate, subtropical, tropical",,x,,,,
Hallé1978,DOl: 10.1007/978-3-642-81190-6,Populus,spp.,,"north america, eurasia, africa",D,"temperate, subtropical, tropical, boreal",,x,,y,,
Hallé1978,DOl: 10.1007/978-3-642-81190-6,Prunus,spp.,,"america, eurasia, africa, oceania","D, E","temperate, subtropical, tropical",,x,,,,
Hallé1978,DOl: 10.1007/978-3-642-81190-6,Salix,spp.,,"america, eurasia, africa",D,"temperate, subtropical, tropical, boreal",,x,,,,
Hallé1978,DOl: 10.1007/978-3-642-81190-6,Sambucus,spp.,,"america, eurasia, africa, oceania",D,"temperate, subtropical, tropical",,x,,,,
Hallé1978,DOl: 10.1007/978-3-642-81190-6,Vitis,spp.,,"america, eurasia",D,"temperate, subtropical, tropical",,x,,,,
DeBell1994,Growth Patterns of Red Alder DEAN S. DEBELL & PETER A. GIORDANO,Alnus,rubra,,north america,D,temperate,,x,,,,
Girard2010,https://doi.org/10.1007/s00468-010-0507-9,Pinus,halepensis,,europe,E,mediterranean,,x,,y,y,polycyclic flushing
Girard2010,https://doi.org/10.1007/s00468-010-0507-9,Pinus,brutia,,europe,E,mediterranean,,x,,y,y,polycyclic flushing
Girard2010,https://doi.org/10.1007/s00468-010-0507-9,Pinus,edulis,,europe,E,mediterranean,,x,,y,y,polycyclic flushing
Girard2010,https://doi.org/10.1007/s00468-010-0507-9,Pinus,palustris,,europe,E,mediterranean,,x,,y,y,polycyclic flushing
Girard2010,https://doi.org/10.1007/s00468-010-0507-9,Pinus,pinaster,,europe,E,mediterranean,,x,,y,y,polycyclic flushing
Girard2010,https://doi.org/10.1007/s00468-010-0507-9,Pinus,banksiana,,north america,E,mediterranean?,,x,,y,y,polycyclic flushing
Critchfield1960,https://www.jstor.org/stable/43781725,Ginkgo,biloba,,asia,D,temperate,x,,,,,
Gill1971,https://harvardforest1.fas.harvard.edu/publications/pdfs/HFpubs/paper20.pdf,Fraxinus,excelsior,,europe,D,temperate,x,,,,,
Sabatier1995,"Ducousso, I., Sabatier, S., Barthélémy, D., & Germain, E. (1995). branches de la cime de sept variétés de Noyer commun, Juglans regia L.(JUGLANDACEAE). Architecture des arbres fruitiers et forestiers: Montpellier (France), 23-25 novembre 1993, 74, 91.",Juglans,regia,,europe,D,temperate,x,,,,,
"Roloff1987, Nicolini1998",https://doi.org/10.1016/S0367-2530(17)30269-4; https://doi.org/10.1139/b98-053,Fagus,sylvatica,,europe,D,temperate,x,,,,,
"Puntieri2000, Souza2000",https://doi.org/10.1007/PL00009770; https://doi.org/10.1006/anbo.1999.1097,Nothofagus,ssp.,,south america,D,temperate,x,,,,,
Parke1959,https://doi.org/10.1002/j.1537-2197.1959.tb06990.x,Abies,concolor,,north america,E,temperate,x,,,,,
Critchfield1960,https://www.jstor.org/stable/43781725,Populus,trichocarpa,,north america,D,temperate,,x,,y,,
Hallé1978,DOl: 10.1007/978-3-642-81190-6,Callistemon,viminalis,,oceania,E,"temperate, subtropical",,x,,y,y,
Hallé1978,DOl: 10.1007/978-3-642-81190-6,Theobroma,cacao,,"south america, africa",E,tropical,,x,,y,,
Hallé1978,DOl: 10.1007/978-3-642-81190-6,Cocos,nucifera,,"america, asia, africa, oceania",E,tropical,,,x,,,
Hallé1978,DOl: 10.1007/978-3-642-81190-6,Elaeis,guineensis,,africa,E,tropical,,,x,,,
Barthélémy2007,doi.org/10.1093/aob/mcl260,Nerium,oleander,,"eurasia, africa",E,"temperate, subtropical",x,,,,,
Barthélémy2007,doi.org/10.1093/aob/mcl260,Alstonia,sp.,,"asia, africa",E,tropical,x,,,,,
Barthélémy2007,doi.org/10.1093/aob/mcl260,Castanea,sativa,,eurasia,D,temperate,x,,,,,
Barthélémy2007,doi.org/10.1093/aob/mcl260,Picea,excelsa,,europe,E,temperate,,,x,,,
Boojh1982,https://doi.org/10.1016/0378-1127(82)90035-4,Alnus,nepalensis,,asia,D,subtropical,,,x,,,
Boojh1982,https://doi.org/10.1016/0378-1127(82)90035-4,Schima,khasiana,,asia,E,subtropical,,x,,,,
Boojh1982,https://doi.org/10.1016/0378-1127(82)90035-4,Quercus,dealbata,,asia,E,subtropical,,x,,,,
Boojh1982,https://doi.org/10.1016/0378-1127(82)90035-4,Quercus,griffithii,,asia,E,subtropical,,x,,,,
Boojh1982,https://doi.org/10.1016/0378-1127(82)90035-4,Machilus,kingii,,asia,E,subtropical,,x,,,,
Kikuzawa1983,10.1139/b83-230,Magnolia,kobus,borealis,asia,D,temperate,,,x,,,
Kikuzawa1983,10.1139/b83-230,Alnus,hirsuta,,eurasia,D,temperate,,,x,,,
Kikuzawa1983,10.1139/b83-230,Betula,platyphylla,japonica,asia,D,temperate,,x,,,,
Kikuzawa1983,10.1139/b83-230,Betula,dahurica,,asia,D,temperate,,x,,,,
Kikuzawa1983,10.1139/b83-230,Betula,ermanii,,asia,D,temperate,,x,,,,
Kikuzawa1983,10.1139/b83-230,Betula,maximowicziana,,asia,D,temperate,,x,,,,
Kikuzawa1983,10.1139/b83-230,Cercidiphyllum,japonicum,,asia,D,temperate,,x,,,,
Kikuzawa1983,10.1139/b83-230,Cornus,controversa,,asia,D,temperate,,x,,,,
Kikuzawa1983,10.1139/b83-230,Populus,sieboldii,,asia,D,temperate,,x,,,,
Kikuzawa1983,10.1139/b83-230,Populus,maximowiczii,,asia,D,temperate,,x,,,,
Kikuzawa1983,10.1139/b83-230,Juglans,ailanthifolia,,asia,D,temperate,,x,,,,
Kikuzawa1983,10.1139/b83-230,Alnus,japonica,,asia,D,temperate,,x,,,,
Kikuzawa1983,10.1139/b83-230,Magnolia,obovata,,asia,D,temperate,,x,,,,
Kikuzawa1983,10.1139/b83-230,Sorbus,commixta,,asia,D,temperate,,x,,,,
Kikuzawa1983,10.1139/b83-230,Picrasma,quossioides,,asia,D,temperate,,x,,,,
Kikuzawa1983,10.1139/b83-230,Kalopanax,pictus,,asia,D,temperate,,x,,,,
Kikuzawa1983,10.1139/b83-230,Acanthopanax,sciadophylloides,,asia,D,temperate,,x,,,,
Kikuzawa1983,10.1139/b83-230,Fraxinus,mandshurica,japonica,asia,D,temperate,,x,,,,
Kikuzawa1983,10.1139/b83-230,Salix,sachalinensis,,asia,D,temperate,,x,,,,
Kikuzawa1983,10.1139/b83-230,Salix,hultenii,angustifolia,asia,D,temperate,,x,,,,
Kikuzawa1983,10.1139/b83-230,Salix,subfragilis,,asia,D,temperate,,x,,,,
Kikuzawa1983,10.1139/b83-230,Ostrya,japonica,,asia,D,temperate,,x,,,,
Kikuzawa1983,10.1139/b83-230,Ulmus,davidiana,japonica,asia,D,temperate,,x,,,,
Kikuzawa1983,10.1139/b83-230,Ulmus,laciniata,,asia,D,temperate,,x,,,,
Kikuzawa1983,10.1139/b83-230,Phellodendron,amurense,,asia,D,temperate,,x,,,,
Kikuzawa1983,10.1139/b83-230,Castanea,crenata,,asia,D,temperate,,x,,,,
Kikuzawa1983,10.1139/b83-230,Fagus,crenata,,asia,D,temperate,x,,,,,
Kikuzawa1983,10.1139/b83-230,Quercus,mongolica,grosseserrata,asia,D,temperate,x,,,,,
Kikuzawa1983,10.1139/b83-230,Prunus,sargentii,,asia,D,temperate,x,,,,,
Kikuzawa1983,10.1139/b83-230,Prunus,ssiori,,asia,D,temperate,x,,,,,
Kikuzawa1983,10.1139/b83-230,Sorbus,alnifolia,,asia,D,temperate,x,,,,,
Kikuzawa1983,10.1139/b83-230,Acer,mono,,asia,D,temperate,x,,,,,
Kikuzawa1983,10.1139/b83-230,Aesculus,turbinata,,asia,D,temperate,x,,,,,
Kikuzawa1983,10.1139/b83-230,Carpinus,cordata,,asia,D,temperate,x,,,,,
Kikuzawa1983,10.1139/b83-230,Maackia,amurensis,buergeri,asia,D,temperate,x,,,,,
Kikuzawa1983,10.1139/b83-230,Acer,palmatum,,asia,D,temperate,x,,,,,
Kikuzawa1983,10.1139/b83-230,Acer,japonicum,,asia,D,temperate,x,,,,,
Kikuzawa1983,10.1139/b83-230,Tilia,japonica,,asia,D,temperate,x,,,,,
Kikuzawa1983,10.1139/b83-230,Tilia,maximowicziana,,asia,D,temperate,x,,,,,
Kikuzawa1983,10.1139/b83-230,Syringa,reticulata,,asia,D,temperate,x,,,,,
Kikuzawa1983,10.1139/b83-230,Styrax,obassia,,asia,D,temperate,x,,,,,
Kozlowski2012,"Seed Germination, Ontogeny, and Shoot Growth,",Betula,papyrifera,,north america,D,temperate,,x,,,,
Kozlowski2012,"Seed Germination, Ontogeny, and Shoot Growth,",Betula,alleghaniensis,,north america,D,temperate,,x,,,,
Kozlowski2012,"Seed Germination, Ontogeny, and Shoot Growth,",Populus,tremuloides,,north america,D,temperate,,x,,,,
Kozlowski2012,"Seed Germination, Ontogeny, and Shoot Growth,",Populus,grandidentata,,north america,D,temperate,x,,,,,
Kitzmiller2012,https://doi.org/10.5849/wjaf.11-029,Sequoiadendron,giganteum,,north america,E,temperate,,,x,,,
Kitzmiller2012,https://doi.org/10.5849/wjaf.11-029,Pinus,ponderosa,,north america,E,temperate,x,,,,,
Crafts1943,https://doi.org/10.2307/2437253,Sequoia,ssp.,,north america,E,temperate,,,x,,,
Crafts1943,https://doi.org/10.2307/2437253,Juniperus,ssp.,,north america,E,temperate,,,x,,,
Stankova1997,Stankova et al. (1999) Seasonality in the primary growth of Cupressus sempervirens L. from Western Crete,Cupressus,sempervirens,,north america,E,temperate,,,x,,,
Sterling1945,https://doi.org/10.2307/2437355,Sequoia,sempervirens,,north america,E,temperate,,,x,,,
